Name,Age,City
Nadia,36,Vancouver
Eric,58,Calgary
Kevin,25,Victoria
Patrick,55,Halifax
Patrick,37,Ottawa
Eric,33,Vancouver
Eric,47,Winnipeg
Kevin,32,Calgary
Chloe,33,Victoria
Chloe,64,Montreal
Sofia,18,Toronto
Lucas,41,Quebec City
Amina,60,Edmonton
Kevin,35,Calgary
Maya,40,Winnipeg
Kevin,57,Calgary
Sofia,56,Toronto
Amina,38,Winnipeg
Amina,20,Halifax
Eric,24,Toronto
Amina,49,Victoria
Samuel,23,Montreal
Samuel,38,Toronto
Sofia,30,Ottawa
Lucas,61,Ottawa
Chloe,25,Victoria
Amina,20,Vancouver
Eric,46,Montreal
Kevin,43,Halifax
Samuel,41,Edmonton
Amina,48,Vancouver
Eric,48,Winnipeg
Samuel,68,Quebec City
Kevin,20,Quebec City
Patrick,45,Quebec City
Eric,67,Vancouver
Eric,22,Vancouver
Amina,57,Ottawa
Nadia,60,Victoria
Amina,23,Vancouver
Kevin,44,Edmonton
Samuel,49,Montreal
Chloe,62,Ottawa
Nadia,34,Winnipeg
Chloe,29,Halifax
Kevin,70,Vancouver
Nadia,31,Toronto
Nadia,60,Montreal
Chloe,38,Halifax
Sofia,23,Victoria
Amina,57,Quebec City
Kevin,70,Winnipeg
Kevin,63,Winnipeg
Maya,46,Calgary
Samuel,61,Toronto
Chloe,18,Victoria
Maya,44,Victoria
Nadia,24,Edmonton
Nadia,46,Winnipeg
Sofia,23,Winnipeg
Maya,19,Calgary
Nadia,68,Ottawa
Maya,56,Vancouver
Kevin,46,Quebec City
Chloe,35,Ottawa
Patrick,41,Edmonton
Chloe,30,Winnipeg
Eric,67,Edmonton
Chloe,37,Winnipeg
Eric,43,Calgary
Kevin,31,Winnipeg
Samuel,48,Vancouver
Eric,53,Edmonton
Chloe,66,Edmonton
Maya,37,Ottawa
Eric,30,Victoria
Lucas,56,Winnipeg
Lucas,34,Halifax
Eric,69,Edmonton
Amina,21,Victoria
Sofia,23,Victoria
Chloe,45,Quebec City
Samuel,56,Toronto
Eric,33,Halifax
Eric,21,Victoria
Patrick,30,Quebec City
Lucas,53,Ottawa
Lucas,34,Montreal
Amina,70,Toronto
Samuel,68,Ottawa
Patrick,43,Quebec City
Eric,44,Victoria
Maya,50,Calgary
Kevin,61,Toronto
Eric,42,Victoria
Samuel,29,Victoria
Nadia,35,Victoria
Kevin,39,Quebec City
Chloe,27,Victoria
Lucas,45,Calgary
